{
  "timestamp": 1761051631.645004,
  "count": 1,
  "obstacles": [
    {
      "label": "PANNEAU_CEDER_PASSAGE",
      "point_left": {
        "x": -0.7370892018779343,
        "y": -0.09546165884194058,
        "z": 0.09546165884194058,
        "theta": -0.4062875214932027
      },
      "point_right": {
        "x": -0.593114241001565,
        "y": -0.09546165884194058,
        "z": 0.09546165884194058,
        "theta": -0.4062875214932027
      },
      "confidence": 0.2938891351222992,
      "class_id": 3
    }
  ]
}