{
  "timestamp": 1761127519.0270708,
  "count": 1,
  "obstacles": [
    {
      "label": "PONT",
      "point_left": {
        "x": -0.6713615023474178,
        "y": 1.0,
        "z": -1.0,
        "theta": -0.03250300171945621
      },
      "point_right": {
        "x": 0.5649452269170578,
        "y": 1.0,
        "z": -1.0,
        "theta": -0.03250300171945621
      },
      "confidence": 0.3622858226299286,
      "class_id": 8
    }
  ]
}